Box Name,OLT,LCP,NAP,LCP Name,Node Name,Municipality,Cluster,Sector,Barangay,Subdivision,Building Name,Latitude,Longitude,Parent Site,Parent Floor,Parent Room,Additional Details,Remarks,Landmark,Capacity,Installation Date,OSP / ISP
MNL004 LP187 NP5-6,MNL004,LP187,NP5-6,MNL004 LP187,Zamora Pandacan,MANILA,3,2,BARANGAY 883,,,14.579167,121.015935,,,,,,,16,2023-04-30,OSP
MNL004 LP187 NP7-8,MNL004,LP187,NP7-8,MNL004 LP187,Zamora Pandacan,MANILA,3,2,BARANGAY 883,,,14.579518,121.015823,,,,,,,16,2023-04-30,OSP
MNL034 LP99 NP5-6,MNL034,LP99,NP5-6,MNL034 LP99,Benitez,MANILA,3,2,BARANGAY 884,,,14.580053,121.015338,,,,,,,16,2020-06-29,OSP
MNL034 LP99 NP7-8,MNL034,LP99,NP7-8,MNL034 LP99,Benitez,MANILA,3,2,BARANGAY 884,,,14.580214,121.015851,,,,,,,16,2020-06-29,OSP
MNL004 LP55 NP1-2,MNL004,LP55,NP1-2,MNL004 LP55,Zamora Pandacan,MANILA,3,2,BARANGAY 884,,,14.58004698,121.0152517,,,,,,,16,2019-10-04,OSP
MNL004 LP55 NP3-4,MNL004,LP55,NP3-4,MNL004 LP55,Zamora Pandacan,MANILA,3,2,BARANGAY 884,,,14.5803234,121.0149056,,,,,,,16,2019-10-04,OSP
MNL004 LP55 NP5-6,MNL004,LP55,NP5-6,MNL004 LP55,Zamora Pandacan,MANILA,3,2,BARANGAY 884,,,14.58013978,121.0141934,,,,,,,16,2019-10-04,OSP
MNL004 LP55 NP7-8,MNL004,LP55,NP7-8,MNL004 LP55,Zamora Pandacan,MANILA,3,2,BARANGAY 884,,,14.57993852,121.0134085,,,,,,,16,2019-10-04,OSP
MNL004 LP54 NP7-8,MNL004,LP54,NP7-8,MNL004 LP54,Zamora Pandacan,MANILA,3,2,BARANGAY 884,,,14.5797891,121.0143315,,,,,,,16,2019-10-04,OSP
MNL004 LP48 NP1-2,MNL004,LP48,NP1-2,MNL004 LP48,Zamora Pandacan,MANILA,3,2,BARANGAY 884,,,14.58097371,121.0137267,,,,,,,16,2019-10-04,OSP
MNL004 LP48 NP3-4,MNL004,LP48,NP3-4,MNL004 LP48,Zamora Pandacan,MANILA,3,2,BARANGAY 884,,,14.58086929,121.013415,,,,,,,16,2019-10-04,OSP
MNL004 LP46 NP1-2,MNL004,LP46,NP1-2,MNL004 LP46,Zamora Pandacan,MANILA,3,2,BARANGAY 884,,,14.58193906,121.0167288,,,,,,,16,2019-10-04,OSP
MNL004 LP57 NP1-2,MNL004,LP57,NP1-2,MNL004 LP57,Zamora Pandacan,MANILA,3,2,BARANGAY 884,,,14.58062382,121.0140671,,,,,,,16,2019-10-04,OSP
MNL004 LP57 NP3-4,MNL004,LP57,NP3-4,MNL004 LP57,Zamora Pandacan,MANILA,3,2,BARANGAY 884,,,14.58089086,121.0149679,,,,,,,16,2019-10-04,OSP
MNL004 LP57 NP5-6,MNL004,LP57,NP5-6,MNL004 LP57,Zamora Pandacan,MANILA,3,2,BARANGAY 884,,,14.58099526,121.0153572,,,,,,,16,2019-10-04,OSP
MNL004 LP57 NP7-8,MNL004,LP57,NP7-8,MNL004 LP57,Zamora Pandacan,MANILA,3,2,BARANGAY 884,,,14.58154126,121.0160322,,,,,,,16,2019-10-04,OSP
MNL004 LP142 NP1-2,MNL004,LP142,NP1-2,MNL004 LP142,Zamora Pandacan,MANILA,3,2,BARANGAY 884,,,14.580878,121.013424,,,,,,,16,2021-02-26,OSP
MNL004 LP142 NP5-6,MNL004,LP142,NP5-6,MNL004 LP142,Zamora Pandacan,MANILA,3,2,BARANGAY 884,,,14.579951,121.013401,,,,,,,16,2021-02-26,OSP
MNL004 LP142 NP7-8,MNL004,LP142,NP7-8,MNL004 LP142,Zamora Pandacan,MANILA,3,2,BARANGAY 884,,,14.580147,121.014197,,,,,,,16,2021-02-26,OSP
MNL004 LP143 NP1-2,MNL004,LP143,NP1-2,MNL004 LP143,Zamora Pandacan,MANILA,3,2,BARANGAY 884,,,14.580349,121.014906,,,,,,,16,2021-02-26,OSP
MNL004 LP143 NP3-4,MNL004,LP143,NP3-4,MNL004 LP143,Zamora Pandacan,MANILA,3,2,BARANGAY 884,,,14.580554,121.015541,,,,,,,16,2021-02-26,OSP
MNL004 LP143 NP5-6,MNL004,LP143,NP5-6,MNL004 LP143,Zamora Pandacan,MANILA,3,2,BARANGAY 884,,,14.580756,121.014456,,,,,,,16,2021-02-26,OSP
MNL004 LP143 NP7-8,MNL004,LP143,NP7-8,MNL004 LP143,Zamora Pandacan,MANILA,3,2,BARANGAY 884,,,14.58063,121.014042,,,,,,,16,2021-02-26,OSP
MNL004 LP144 NP1-2,MNL004,LP144,NP1-2,MNL004 LP144,Zamora Pandacan,MANILA,3,2,BARANGAY 884,,,14.580936,121.015061,,,,,,,16,2021-02-26,OSP
MNL004 LP144 NP3-4,MNL004,LP144,NP3-4,MNL004 LP144,Zamora Pandacan,MANILA,3,2,BARANGAY 884,,,14.581006,121.015299,,,,,,,16,2021-02-26,OSP
MNL004 LP149 NP5-6,MNL004,LP149,NP5-6,MNL004 LP149,Zamora Pandacan,MANILA,3,2,BARANGAY 884,,,14.581469,121.015666,,,,,,,16,2021-02-26,OSP
MNL004 LP149 NP7-8,MNL004,LP149,NP7-8,MNL004 LP149,Zamora Pandacan,MANILA,3,2,BARANGAY 884,,,14.581387,121.015305,,,,,,,16,2021-02-26,OSP
MNL004 LP147 NP5-6,MNL004,LP147,NP5-6,MNL004 LP147,Zamora Pandacan,MANILA,3,2,BARANGAY 884,,,14.57973,121.014323,,,,,,,16,2021-02-26,OSP
MNL004 LP147 NP7-8,MNL004,LP147,NP7-8,MNL004 LP147,Zamora Pandacan,MANILA,3,2,BARANGAY 884,,,14.579881,121.014855,,,,,,,16,2021-02-26,OSP
MNL004 LP148 NP7-8,MNL004,LP148,NP7-8,MNL004 LP148,Zamora Pandacan,MANILA,3,2,BARANGAY 884,,,14.580653,121.015818,,,,,,,16,2021-02-26,OSP
MNL004 LP149 NP1-2,MNL004,LP149,NP1-2,MNL004 LP149,Zamora Pandacan,MANILA,3,2,BARANGAY 884,,,14.581101,121.015711,,,,,,,16,2021-02-26,OSP
MNL004 LP149 NP3-4,MNL004,LP149,NP3-4,MNL004 LP149,Zamora Pandacan,MANILA,3,2,BARANGAY 884,,,14.581569,121.015993,,,,,,,16,2021-02-26,OSP
MNL004 LP47 NP3-4,MNL004,LP47,NP3-4,MNL004 LP47,Zamora Pandacan,MANILA,3,2,BARANGAY 885,,,14.58191756,121.0153983,,,,,,,16,2019-10-04,OSP
MNL004 LP47 NP5-6,MNL004,LP47,NP5-6,MNL004 LP47,Zamora Pandacan,MANILA,3,2,BARANGAY 885,,,14.58176291,121.014448,,,,,,,16,2019-10-04,OSP
MNL004 LP47 NP7-8,MNL004,LP47,NP7-8,MNL004 LP47,Zamora Pandacan,MANILA,3,2,BARANGAY 885,,,14.58149805,121.0135328,,,,,,,16,2019-10-04,OSP
MNL004 LP46 NP5-6,MNL004,LP46,NP5-6,MNL004 LP46,Zamora Pandacan,MANILA,3,2,BARANGAY 885,,,14.58269038,121.0157296,,,,,,,16,2019-10-04,OSP
MNL004 LP46 NP7-8,MNL004,LP46,NP7-8,MNL004 LP46,Zamora Pandacan,MANILA,3,2,BARANGAY 885,,,14.582263,121.0158,,,,,,,16,2020-08-07,OSP
MNL004 LP86 NP5-6,MNL004,LP86,NP5-6,MNL004 LP86,Zamora Pandacan,MANILA,3,2,BARANGAY 885,,,14.582121,121.013361,,,,,,,16,2019-09-30,OSP
MNL004 LP138 NP3-4,MNL004,LP138,NP3-4,MNL004 LP138,Zamora Pandacan,MANILA,3,2,BARANGAY 885,,,14.581717,121.014339,,,,,,,16,2021-02-26,OSP
MNL004 LP138 NP5-6,MNL004,LP138,NP5-6,MNL004 LP138,Zamora Pandacan,MANILA,3,2,BARANGAY 885,,,14.58188,121.015447,,,,,,,16,2021-02-26,OSP
MNL004 LP140 NP3-4,MNL004,LP140,NP3-4,MNL004 LP140,Zamora Pandacan,MANILA,3,2,BARANGAY 885,,,14.582679,121.015778,,,,,,,16,2021-02-26,OSP
MNL004 LP47 NP1-2,MNL004,LP47,NP1-2,MNL004 LP47,Zamora Pandacan,MANILA,3,2,BARANGAY 886,,,14.58196952,121.0160258,,,,,,,16,2019-10-04,OSP
MNL004 LP46 NP3-4,MNL004,LP46,NP3-4,MNL004 LP46,Zamora Pandacan,MANILA,3,2,BARANGAY 886,,,14.58260185,121.0167454,,,,,,,16,2019-10-04,OSP
MNL004 LP138 NP7-8,MNL004,LP138,NP7-8,MNL004 LP138,Zamora Pandacan,MANILA,3,2,BARANGAY 886,,,14.581922,121.016055,,,,,,,16,2021-02-26,OSP
MNL004 LP139 NP1-2,MNL004,LP139,NP1-2,MNL004 LP139,Zamora Pandacan,MANILA,3,2,BARANGAY 886,,,14.58192,121.016682,,,,,,,16,2021-02-26,OSP
MNL004 LP139 NP3-4,MNL004,LP139,NP3-4,MNL004 LP139,Zamora Pandacan,MANILA,3,2,BARANGAY 886,,,14.582611,121.016743,,,,,,,16,2021-02-26,OSP
MNL004 LP139 NP7-8,MNL004,LP139,NP7-8,MNL004 LP139,Zamora Pandacan,MANILA,3,2,BARANGAY 886,,,14.58284,121.016756,,,,,,,16,2021-02-26,OSP
MNL004 LP140 NP1-2,MNL004,LP140,NP1-2,MNL004 LP140,Zamora Pandacan,MANILA,3,2,BARANGAY 886,,,14.582631,121.016445,,,,,,,16,2021-02-26,OSP
MNL004 LP45 NP5-6,MNL004,LP45,NP5-6,MNL004 LP45,Zamora Pandacan,MANILA,3,2,BARANGAY 887,,,14.58228759,121.0175025,,,,,,,16,2019-10-04,OSP
MNL004 LP87 NP1-2,MNL004,LP87,NP1-2,MNL004 LP87,Zamora Pandacan,MANILA,3,2,BARANGAY 887,,,14.58409,121.016901,,,,,,,16,2019-09-30,OSP
MNL004 LP139 NP5-6,MNL004,LP139,NP5-6,MNL004 LP139,Zamora Pandacan,MANILA,3,2,BARANGAY 887,,,14.582592,121.017006,,,,,,,16,2021-02-26,OSP
MNL004 LP141 NP1-2,MNL004,LP141,NP1-2,MNL004 LP141,Zamora Pandacan,MANILA,3,2,BARANGAY 887,,,14.581887,121.017307,,,,,,,16,2021-02-26,OSP
MNL004 LP141 NP3-4,MNL004,LP141,NP3-4,MNL004 LP141,Zamora Pandacan,MANILA,3,2,BARANGAY 887,,,14.58255,121.017631,,,,,,,16,2021-02-26,OSP
MNL034 LP102 NP7-8,MNL034,LP102,NP7-8,MNL034 LP102,Benitez,MANILA,3,2,BARANGAY 888,,,14.584562,121.018005,,,,,,,16,2020-06-22,OSP
MNL004 LP45 NP1-2,MNL004,LP45,NP1-2,MNL004 LP45,Zamora Pandacan,MANILA,3,2,BARANGAY 888,,,14.5839728,121.0182065,,,,,,,16,2019-10-04,OSP
MNL004 LP45 NP3-4,MNL004,LP45,NP3-4,MNL004 LP45,Zamora Pandacan,MANILA,3,2,BARANGAY 888,,,14.5831733,121.017954,,,,,,,16,2019-10-04,OSP
MNL004 LP45 NP7-8,MNL004,LP45,NP7-8,MNL004 LP45,Zamora Pandacan,MANILA,3,2,BARANGAY 888,,,14.583571,121.018155,,,,,,,16,2020-08-07,OSP
MNL004 LP87 NP3-4,MNL004,LP87,NP3-4,MNL004 LP87,Zamora Pandacan,MANILA,3,2,BARANGAY 888,,,14.584742,121.01791,,,,,,,16,2019-09-30,OSP
MNL004 LP141 NP5-6,MNL004,LP141,NP5-6,MNL004 LP141,Zamora Pandacan,MANILA,3,2,BARANGAY 888,,,14.583779,121.018202,,,,,,,16,2021-02-26,OSP
MNL004 LP141 NP7-8,MNL004,LP141,NP7-8,MNL004 LP141,Zamora Pandacan,MANILA,3,2,BARANGAY 888,,,14.584233,121.018127,,,,,,,16,2021-02-26,OSP
MNL034 LP102 NP5-6,MNL034,LP102,NP5-6,MNL034 LP102,Benitez,MANILA,3,2,BARANGAY 889,,,14.582668,121.014358,,,,,,,16,2020-06-22,OSP
SJC001 LP78 NP1-2,SJC001,LP78,NP1-2,SJC001 LP78,Greenhills Heights,MANILA,3,2,BARANGAY 889,,,14.582451,121.013792,,,,,,,16,2016-05-15,OSP
SJC001 LP78 NP3-4,SJC001,LP78,NP3-4,SJC001 LP78,Greenhills Heights,MANILA,3,2,BARANGAY 889,,,14.583294,121.015282,,,,,,,16,2016-05-15,OSP
MNL004 LP59 NP1-2,MNL004,LP59,NP1-2,MNL004 LP59,Zamora Pandacan,MANILA,3,2,BARANGAY 889,,,14.58400944,121.0145227,,,,,,,16,2019-10-04,OSP
MNL004 LP59 NP3-4,MNL004,LP59,NP3-4,MNL004 LP59,Zamora Pandacan,MANILA,3,2,BARANGAY 889,,,14.58321965,121.0137003,,,,,,,16,2019-10-04,OSP
MNL004 LP59 NP5-6,MNL004,LP59,NP5-6,MNL004 LP59,Zamora Pandacan,MANILA,3,2,BARANGAY 889,,,14.58287167,121.0136512,,,,,,,16,2019-10-04,OSP
MNL004 LP59 NP7-8,MNL004,LP59,NP7-8,MNL004 LP59,Zamora Pandacan,MANILA,3,2,BARANGAY 889,,,14.5822934,121.0133348,,,,,,,16,2019-10-04,OSP
MNL004 LP150 NP7-8,MNL004,LP150,NP7-8,MNL004 LP150,Zamora Pandacan,MANILA,3,2,BARANGAY 889,,,14.582882,121.013573,,,,,,,16,2021-02-26,OSP
MNL004 LP151 NP1-2,MNL004,LP151,NP1-2,MNL004 LP151,Zamora Pandacan,MANILA,3,2,BARANGAY 889,,,14.583307,121.013293,,,,,,,16,2021-02-26,OSP
MNL004 LP151 NP3-4,MNL004,LP151,NP3-4,MNL004 LP151,Zamora Pandacan,MANILA,3,2,BARANGAY 889,,,14.583675,121.013047,,,,,,,16,2021-02-26,OSP
MNL004 LP151 NP5-6,MNL004,LP151,NP5-6,MNL004 LP151,Zamora Pandacan,MANILA,3,2,BARANGAY 889,,,14.583406,121.013944,,,,,,,16,2021-02-26,OSP
MNL004 LP151 NP7-8,MNL004,LP151,NP7-8,MNL004 LP151,Zamora Pandacan,MANILA,3,2,BARANGAY 889,,,14.583982,121.014574,,,,,,,16,2021-02-26,OSP
MNL004 LP161 NP5-6,MNL004,LP161,NP5-6,MNL004 LP161,Zamora Pandacan,MANILA,3,2,BARANGAY 889,,,14.58269,121.014097,,,,,,,16,2021-02-27,OSP
MNL004 LP113 NP5-6,MNL004,LP113,NP5-6,MNL004 LP113,Zamora Pandacan,MANILA,3,2,BARANGAY 889,,,14.583588,121.013076,,,,,,,16,2020-03-19,OSP
MNL004 LP113 NP7-8,MNL004,LP113,NP7-8,MNL004 LP113,Zamora Pandacan,MANILA,3,2,BARANGAY 889,,,14.583044,121.013426,,,,,,,16,2020-03-19,OSP
SJC001 LP78 NP5-6,SJC001,LP78,NP5-6,SJC001 LP78,Greenhills Heights,MANILA,3,2,BARANGAY 890,,,14.584512,121.017446,,,,,,,16,2016-05-15,OSP
MNL004 LP58 NP3-4,MNL004,LP58,NP3-4,MNL004 LP58,Zamora Pandacan,MANILA,3,2,BARANGAY 890,,,14.58544366,121.0175141,,,,,,,16,2019-10-04,OSP
MNL004 LP58 NP5-6,MNL004,LP58,NP5-6,MNL004 LP58,Zamora Pandacan,MANILA,3,2,BARANGAY 890,,,14.58477013,121.0159326,,,,,,,16,2019-10-04,OSP
MNL004 LP86 NP7-8,MNL004,LP86,NP7-8,MNL004 LP86,Zamora Pandacan,MANILA,3,2,BARANGAY 890,,,14.583466,121.015756,,,,,,,16,2019-09-30,OSP
MNL004 LP152 NP1-2,MNL004,LP152,NP1-2,MNL004 LP152,Zamora Pandacan,MANILA,3,2,BARANGAY 890,,,14.584657,121.015719,,,,,,,16,2021-02-26,OSP
MNL004 LP152 NP3-4,MNL004,LP152,NP3-4,MNL004 LP152,Zamora Pandacan,MANILA,3,2,BARANGAY 890,,,14.584934,121.016352,,,,,,,16,2021-02-26,OSP
MNL004 LP152 NP5-6,MNL004,LP152,NP5-6,MNL004 LP152,Zamora Pandacan,MANILA,3,2,BARANGAY 890,,,14.585205,121.016973,,,,,,,16,2021-02-26,OSP
MNL004 LP161 NP7-8,MNL004,LP161,NP7-8,MNL004 LP161,Zamora Pandacan,MANILA,3,2,BARANGAY 890,,,14.583884,121.016516,,,,,,,16,2021-02-27,OSP
MNL004 LP162 NP1-2,MNL004,LP162,NP1-2,MNL004 LP162,Zamora Pandacan,MANILA,3,2,BARANGAY 890,,,14.584471,121.017532,,,,,,,16,2021-02-27,OSP
MNL004 LP154 NP3-4,MNL004,LP154,NP3-4,MNL004 LP154,Zamora Pandacan,MANILA,3,2,BARANGAY 890,,,14.584528,121.017491,,,,,,,16,2021-02-26,OSP
MNL004 LP154 NP5-6,MNL004,LP154,NP5-6,MNL004 LP154,Zamora Pandacan,MANILA,3,2,BARANGAY 890,,,14.584275,121.017109,,,,,,,16,2021-02-26,OSP
MNL004 LP154 NP7-8,MNL004,LP154,NP7-8,MNL004 LP154,Zamora Pandacan,MANILA,3,2,BARANGAY 890,,,14.58401,121.016689,,,,,,,16,2021-02-26,OSP
SJC001 LP78 NP7-8,SJC001,LP78,NP7-8,SJC001 LP78,Greenhills Heights,MANILA,3,2,BARANGAY 891,,,14.585496,121.01884,,,,,,,16,2016-05-15,OSP
MNL004 LP58 NP1-2,MNL004,LP58,NP1-2,MNL004 LP58,Zamora Pandacan,MANILA,3,2,BARANGAY 891,,,14.58483108,121.0178214,,,,,,,16,2019-10-04,OSP
MNL004 LP58 NP7-8,MNL004,LP58,NP7-8,MNL004 LP58,Zamora Pandacan,MANILA,3,2,BARANGAY 891,,,14.585414,121.017576,,,,,,,16,2020-08-07,OSP
MNL004 LP87 NP5-6,MNL004,LP87,NP5-6,MNL004 LP87,Zamora Pandacan,MANILA,3,2,BARANGAY 891,,,14.585802,121.019144,,,,,,,16,2019-09-30,OSP
MNL004 LP162 NP3-4,MNL004,LP162,NP3-4,MNL004 LP162,Zamora Pandacan,MANILA,3,2,BARANGAY 891,,,14.584762,121.017949,,,,,,,16,2021-02-27,OSP
MNL004 LP162 NP5-6,MNL004,LP162,NP5-6,MNL004 LP162,Zamora Pandacan,MANILA,3,2,BARANGAY 891,,,14.58556,121.018893,,,,,,,16,2021-02-27,OSP
MNL004 LP152 NP7-8,MNL004,LP152,NP7-8,MNL004 LP152,Zamora Pandacan,MANILA,3,2,BARANGAY 891,,,14.585459,121.017562,,,,,,,16,2021-02-26,OSP
MNL004 LP153 NP1-2,MNL004,LP153,NP1-2,MNL004 LP153,Zamora Pandacan,MANILA,3,2,BARANGAY 891,,,14.585703,121.018236,,,,,,,16,2021-02-26,OSP
MNL004 LP153 NP3-4,MNL004,LP153,NP3-4,MNL004 LP153,Zamora Pandacan,MANILA,3,2,BARANGAY 891,,,14.585794,121.018516,,,,,,,16,2021-02-26,OSP
MNL004 LP154 NP1-2,MNL004,LP154,NP1-2,MNL004 LP154,Zamora Pandacan,MANILA,3,2,BARANGAY 891,,,14.584778,121.017867,,,,,,,16,2021-02-26,OSP
MAN033 LP129 NP5-6,MAN033,LP129,NP5-6,MAN033 LP129,Primo Cruz,MANILA,3,2,BARANGAY 892,,,14.586969,121.020783,,,,,,,16,2021-09-25,OSP
MAN033 LP129 NP7-8,MAN033,LP129,NP7-8,MAN033 LP129,Primo Cruz,MANILA,3,2,BARANGAY 892,,,14.587066,121.020936,,,,,,,16,2021-09-25,OSP
MAN033 LP127 NP1-2,MAN033,LP127,NP1-2,MAN033 LP127,Primo Cruz,MANILA,3,2,BARANGAY 892,,,14.586326,121.020908,,,,,,,16,2021-09-25,OSP
MAN033 LP127 NP3-4,MAN033,LP127,NP3-4,MAN033 LP127,Primo Cruz,MANILA,3,2,BARANGAY 892,,,14.586326,121.020908,,,,,,,16,2021-09-25,OSP
MAN033 LP127 NP5-6,MAN033,LP127,NP5-6,MAN033 LP127,Primo Cruz,MANILA,3,2,BARANGAY 892,,,14.586487,121.020805,,,,,,,16,2021-09-25,OSP
MAN033 LP127 NP7-8,MAN033,LP127,NP7-8,MAN033 LP127,Primo Cruz,MANILA,3,2,BARANGAY 892,,,14.586487,121.020805,,,,,,,16,2021-09-25,OSP
MAN033 LP128 NP1-2,MAN033,LP128,NP1-2,MAN033 LP128,Primo Cruz,MANILA,3,2,BARANGAY 892,,,14.586578,121.020644,,,,,,,16,2021-09-25,OSP
MAN033 LP128 NP3-4,MAN033,LP128,NP3-4,MAN033 LP128,Primo Cruz,MANILA,3,2,BARANGAY 892,,,14.586578,121.020644,,,,,,,16,2021-09-25,OSP
MAN033 LP128 NP5-6,MAN033,LP128,NP5-6,MAN033 LP128,Primo Cruz,MANILA,3,2,BARANGAY 892,,,14.586743,121.020535,,,,,,,16,2021-09-25,OSP
MAN033 LP128 NP7-8,MAN033,LP128,NP7-8,MAN033 LP128,Primo Cruz,MANILA,3,2,BARANGAY 892,,,14.586852,121.020675,,,,,,,16,2021-09-25,OSP
MAN033 LP129 NP1-2,MAN033,LP129,NP1-2,MAN033 LP129,Primo Cruz,MANILA,3,2,BARANGAY 892,,,14.586852,121.020675,,,,,,,16,2021-09-25,OSP
MAN033 LP129 NP3-4,MAN033,LP129,NP3-4,MAN033 LP129,Primo Cruz,MANILA,3,2,BARANGAY 892,,,14.586947,121.020783,,,,,,,16,2021-09-25,OSP
MAN033 LP121 NP1-2,MAN033,LP121,NP1-2,MAN033 LP121,Primo Cruz,MANILA,3,2,BARANGAY 892,,,14.586265,121.021231,,,,,,,16,2021-09-25,OSP
MAN033 LP121 NP3-4,MAN033,LP121,NP3-4,MAN033 LP121,Primo Cruz,MANILA,3,2,BARANGAY 892,,,14.586265,121.021231,,,,,,,16,2021-09-25,OSP
MAN033 LP121 NP5-6,MAN033,LP121,NP5-6,MAN033 LP121,Primo Cruz,MANILA,3,2,BARANGAY 892,,,14.586178,121.02104,,,,,,,16,2021-09-25,OSP
MAN033 LP121 NP7-8,MAN033,LP121,NP7-8,MAN033 LP121,Primo Cruz,MANILA,3,2,BARANGAY 892,,,14.586178,121.02104,,,,,,,16,2021-09-25,OSP
MNL004 LP87 NP7-8,MNL004,LP87,NP7-8,MNL004 LP87,Zamora Pandacan,MANILA,3,2,BARANGAY 892,,,14.58728,121.020826,,,,,,,16,2019-09-30,OSP
MNL004 LP745 NP1-2,MNL004,LP745,NP1-2,MNL004 LP745,Zamora Pandacan,MANILA,3,2,BARANGAY 892,,,14.587039000000001,121.020888,,,,,,"# 3129 F. ROXAS ST., STA. ANA MANILA (BESIDE TITA RAE HOUSE OF BEAUTY)",16,2024-12-17,OSP
MNL004 LP745 NP3-5,MNL004,LP745,NP3-5,MNL004 LP745,Zamora Pandacan,MANILA,3,2,BARANGAY 892,,,14.586982000000001,121.020825,,,,,,"# 3125 F. ROXAS ST., STA. ANA MANILA",24,2024-12-17,OSP
MNL004 LP745 NP6-8,MNL004,LP745,NP6-8,MNL004 LP745,Zamora Pandacan,MANILA,3,2,BARANGAY 892,,,14.586762,121.020566,,,,,,"F. ROXAS ST. CORNER MARTINEZ ST., STA. ANA MANILA (NEAR BRGY. 892 HALL)",24,2024-12-17,OSP
MNL004 LP746 NP1-2,MNL004,LP746,NP1-2,MNL004 LP746,Zamora Pandacan,MANILA,3,2,BARANGAY 892,,,14.587446999999999,121.021287,,,,,,"# 3154 F. ROXAS ST., STA. ANA MANILA",16,2024-12-17,OSP
MNL004 LP746 NP3-5,MNL004,LP746,NP3-5,MNL004 LP746,Zamora Pandacan,MANILA,3,2,BARANGAY 892,,,14.58756,121.02140300000001,,,,,,"# 3169 F. ROXAS ST., STA. ANA MANILA",24,2024-12-17,OSP
MNL004 LP746 NP6-8,MNL004,LP746,NP6-8,MNL004 LP746,Zamora Pandacan,MANILA,3,2,BARANGAY 892,,,14.587802,121.021699,,,,,,"# 3187 F. ROXAS ST., STA. ANA MANILA",24,2024-12-17,OSP
MNL004 LP747 NP1-2,MNL004,LP747,NP1-2,MNL004 LP747,Zamora Pandacan,MANILA,3,2,BARANGAY 892,,,14.588107000000001,121.02202800000001,,,,,,"# 3209 F. ROXAS ST., STA. ANA MANILA",16,2024-12-17,OSP
MNL004 LP747 NP3-5,MNL004,LP747,NP3-5,MNL004 LP747,Zamora Pandacan,MANILA,3,2,BARANGAY 892,,,14.588269,121.022186,,,,,,"# 3204 F. ROXAS ST., STA. ANA MANILA",24,2024-12-17,OSP
MNL004 LP747 NP6-8,MNL004,LP747,NP6-8,MNL004 LP747,Zamora Pandacan,MANILA,3,2,BARANGAY 892,,,14.588706,121.02258,,,,,,"# 3251 F. ROXAS ST., STA. ANA MANILA",24,2024-12-17,OSP
SJC001 LP41 NP1-2,SJC001,LP41,NP1-2,SJC001 LP41,Greenhills Heights,MANILA,3,2,BARANGAY 893,,,14.589912,121.023401,,,,,,,16,2015-10-08,OSP
SJC001 LP41 NP3-4,SJC001,LP41,NP3-4,SJC001 LP41,Greenhills Heights,MANILA,3,2,BARANGAY 893,,,14.58933,121.022531,,,,,,,16,2015-10-08,OSP
SJC001 LP40 NP7-8,SJC001,LP40,NP7-8,SJC001 LP40,Greenhills Heights,MANILA,3,2,BARANGAY 893,,,14.59206822,121.025985,,,,,,,16,2015-10-08,OSP
MAN002 LP560 NP1-2,MAN002,LP560,NP1-2,MAN002 LP560,Shaw Node,MANILA,3,2,BARANGAY 893,,,14.59123,121.024994,,,,,,,16,2021-07-29,OSP
MAN002 LP560 NP3-4,MAN002,LP560,NP3-4,MAN002 LP560,Shaw Node,MANILA,3,2,BARANGAY 893,,,14.590432,121.02402,,,,,,,16,2021-07-29,OSP
MAN002 LP781 NP1-2,MAN002,LP781,NP1-2,MAN002 LP781,Shaw Node,MANILA,3,2,BARANGAY 893,,,14.591913,121.025726,,,,,,,16,2022-06-23,OSP
MAN002 LP781 NP3-4,MAN002,LP781,NP3-4,MAN002 LP781,Shaw Node,MANILA,3,2,BARANGAY 893,,,14.591822,121.025968,,,,,,,16,2022-06-23,OSP
MAN001 LP9 NP1-2,MAN001,LP9,NP1-2,MAN001 LP9,Wcc,MANILA,3,2,BARANGAY 893,,,14.58969,121.023265,,,,,,,16,2016-03-08,OSP
MAN001 LP9 NP5-6,MAN001,LP9,NP5-6,MAN001 LP9,Wcc,MANILA,3,2,BARANGAY 893,,,14.590907,121.024607,,,,,,,16,2023-10-25,OSP
MAN001 LP9 NP7-8,MAN001,LP9,NP7-8,MAN001 LP9,Wcc,MANILA,3,2,BARANGAY 893,,,14.591229,121.024993,,,,,,,16,2023-10-25,OSP
MNL004 LP191 NP7-8,MNL004,LP191,NP7-8,MNL004 LP191,Zamora Pandacan,MANILA,3,2,BARANGAY 893,,,14.589299,121.02264,,,,,,,16,2021-03-26,OSP
MNL004 LP192 NP1-2,MNL004,LP192,NP1-2,MNL004 LP192,Zamora Pandacan,MANILA,3,2,BARANGAY 893,,,14.589712,121.023129,,,,,,,16,2021-03-26,OSP
MNL004 LP192 NP3-4,MNL004,LP192,NP3-4,MNL004 LP192,Zamora Pandacan,MANILA,3,2,BARANGAY 893,,,14.589994,121.02306,,,,,,,16,2021-03-26,OSP
MNL004 LP192 NP5-6,MNL004,LP192,NP5-6,MNL004 LP192,Zamora Pandacan,MANILA,3,2,BARANGAY 893,,,14.59034,121.023622,,,,,,,16,2021-03-26,OSP
MNL004 LP192 NP7-8,MNL004,LP192,NP7-8,MNL004 LP192,Zamora Pandacan,MANILA,3,2,BARANGAY 893,,,14.590596,121.02389,,,,,,,16,2021-03-26,OSP
SJC001 LP41 NP5-6,SJC001,LP41,NP5-6,SJC001 LP41,Greenhills Heights,MANILA,3,2,BARANGAY 894,,,14.587932,121.021114,,,,,,,16,2015-10-08,OSP
MAN002 LP560 NP7-8,MAN002,LP560,NP7-8,MAN002 LP560,Shaw Node,MANILA,3,2,BARANGAY 894,,,14.587474,121.02072,,,,,,,16,2021-07-29,OSP
MNL004 LP62 NP3-4,MNL004,LP62,NP3-4,MNL004 LP62,Zamora Pandacan,MANILA,3,2,BARANGAY 894,,,14.587602,121.019644,,,,,,,16,2019-10-04,OSP
MNL004 LP62 NP1-2,MNL004,LP62,NP1-2,MNL004 LP62,Zamora Pandacan,MANILA,3,2,BARANGAY 894,,,14.587593,121.020238,,,,,,,16,2019-10-04,OSP
MNL004 LP162 NP7-8,MNL004,LP162,NP7-8,MNL004 LP162,Zamora Pandacan,MANILA,3,2,BARANGAY 894,,,14.587489,121.020716,,,,,,,16,2021-02-27,OSP
MNL004 LP193 NP3-4,MNL004,LP193,NP3-4,MNL004 LP193,Zamora Pandacan,MANILA,3,2,BARANGAY 894,,,14.587367,121.020039,,,,,,,16,2021-03-26,OSP
MNL004 LP193 NP5-6,MNL004,LP193,NP5-6,MNL004 LP193,Zamora Pandacan,MANILA,3,2,BARANGAY 894,,,14.587179,121.020235,,,,,,,16,2021-03-26,OSP
MNL004 LP190 NP5-6,MNL004,LP190,NP5-6,MNL004 LP190,Zamora Pandacan,MANILA,3,2,BARANGAY 894,,,14.588398,121.020479,,,,,,,16,2021-03-26,OSP
MNL004 LP190 NP7-8,MNL004,LP190,NP7-8,MNL004 LP190,Zamora Pandacan,MANILA,3,2,BARANGAY 894,,,14.588545,121.020451,,,,,,,16,2021-03-26,OSP
MNL004 LP193 NP1-2,MNL004,LP193,NP1-2,MNL004 LP193,Zamora Pandacan,MANILA,3,2,BARANGAY 894,,,14.587604,121.019716,,,,,,,16,2021-03-26,OSP
MNL004 LP188 NP1-2,MNL004,LP188,NP1-2,MNL004 LP188,Zamora Pandacan,MANILA,3,2,BARANGAY 894,,,14.587482,121.020672,,,,,,,16,2021-03-26,OSP
MNL004 LP188 NP3-4-5,MNL004,LP188,NP3-4-5,MNL004 LP188,Zamora Pandacan,MANILA,3,2,BARANGAY 894,,,14.587573,121.020347,,,,,,,24,2021-03-26,OSP
MNL004 LP188 NP6-7-8,MNL004,LP188,NP6-7-8,MNL004 LP188,Zamora Pandacan,MANILA,3,2,BARANGAY 894,,,14.587601,121.020031,,,,,,,24,2021-03-26,OSP
MNL004 LP189 NP1-2,MNL004,LP189,NP1-2,MNL004 LP189,Zamora Pandacan,MANILA,3,2,BARANGAY 894,,,14.587855,121.021099,,,,,,,16,2021-03-26,OSP
MNL004 LP189 NP3-4,MNL004,LP189,NP3-4,MNL004 LP189,Zamora Pandacan,MANILA,3,2,BARANGAY 894,,,14.588142,121.020959,,,,,,,16,2021-03-26,OSP
MNL004 LP189 NP5-6,MNL004,LP189,NP5-6,MNL004 LP189,Zamora Pandacan,MANILA,3,2,BARANGAY 894,,,14.588147,121.020583,,,,,,,16,2021-03-26,OSP
MAN002 LP560 NP5-6,MAN002,LP560,NP5-6,MAN002 LP560,Shaw Node,MANILA,3,2,BARANGAY 895,,,14.58903,121.02236,,,,,,,16,2021-07-29,OSP
MNL004 LP190 NP1-2,MNL004,LP190,NP1-2,MNL004 LP190,Zamora Pandacan,MANILA,3,2,BARANGAY 895,,,14.588413,121.02071,,,,,,,16,2021-03-26,OSP
MNL004 LP190 NP3-4,MNL004,LP190,NP3-4,MNL004 LP190,Zamora Pandacan,MANILA,3,2,BARANGAY 895,,,14.588689,121.020644,,,,,,,16,2021-03-26,OSP
MNL004 LP191 NP1-2,MNL004,LP191,NP1-2,MNL004 LP191,Zamora Pandacan,MANILA,3,2,BARANGAY 895,,,14.588229,121.021509,,,,,,,16,2021-03-26,OSP
MNL004 LP191 NP3-4,MNL004,LP191,NP3-4,MNL004 LP191,Zamora Pandacan,MANILA,3,2,BARANGAY 895,,,14.588685,121.021973,,,,,,,16,2021-03-26,OSP
MNL004 LP191 NP5-6,MNL004,LP191,NP5-6,MNL004 LP191,Zamora Pandacan,MANILA,3,2,BARANGAY 895,,,14.589031,121.022336,,,,,,,16,2021-03-26,OSP
MNL004 LP189 NP7-8,MNL004,LP189,NP7-8,MNL004 LP189,Zamora Pandacan,MANILA,3,2,BARANGAY 895,,,14.588418,121.020848,,,,,,,16,2021-03-26,OSP
MNL004 LP63 NP3-4,MNL004,LP63,NP3-4,MNL004 LP63,Zamora Pandacan,MANILA,3,2,BARANGAY 896,,,14.587781,121.015829,,,,,,,16,2019-10-04,OSP
MNL004 LP63 NP5-6,MNL004,LP63,NP5-6,MNL004 LP63,Zamora Pandacan,MANILA,3,2,BARANGAY 896,,,14.587458,121.014872,,,,,,,16,2019-10-04,OSP
MNL004 LP63 NP7-8,MNL004,LP63,NP7-8,MNL004 LP63,Zamora Pandacan,MANILA,3,2,BARANGAY 896,,,14.587333,121.01455,,,,,,,16,2019-10-04,OSP
MNL004 LP195 NP6-7-8,MNL004,LP195,NP6-7-8,MNL004 LP195,Zamora Pandacan,MANILA,3,2,BARANGAY 896,,,14.587793,121.015898,,,,,,,24,2021-03-26,OSP
MNL004 LP196 NP1-2,MNL004,LP196,NP1-2,MNL004 LP196,Zamora Pandacan,MANILA,3,2,BARANGAY 896,,,14.587464,121.014902,,,,,,,16,2021-03-26,OSP
MNL004 LP196 NP3-4,MNL004,LP196,NP3-4,MNL004 LP196,Zamora Pandacan,MANILA,3,2,BARANGAY 896,,,14.587292,121.014574,,,,,,,16,2021-03-26,OSP
MNL004 LP63 NP1-2,MNL004,LP63,NP1-2,MNL004 LP63,Zamora Pandacan,MANILA,3,2,BARANGAY 897,,,14.587538,121.016426,,,,,,,16,2019-10-04,OSP
MNL004 LP62 NP5-6,MNL004,LP62,NP5-6,MNL004 LP62,Zamora Pandacan,MANILA,3,2,BARANGAY 897,,,14.587531,121.018172,,,,,,,16,2019-10-04,OSP
MNL004 LP62 NP7-8,MNL004,LP62,NP7-8,MNL004 LP62,Zamora Pandacan,MANILA,3,2,BARANGAY 897,,,14.587533,121.017476,,,,,,,16,2019-10-04,OSP
MNL004 LP193 NP7-8,MNL004,LP193,NP7-8,MNL004 LP193,Zamora Pandacan,MANILA,3,2,BARANGAY 897,,,14.587529,121.019182,,,,,,,16,2021-03-26,OSP
MNL004 LP194 NP1-2,MNL004,LP194,NP1-2,MNL004 LP194,Zamora Pandacan,MANILA,3,2,BARANGAY 897,,,14.587523,121.018294,,,,,,,16,2021-03-26,OSP
MNL004 LP194 NP3-4-5,MNL004,LP194,NP3-4-5,MNL004 LP194,Zamora Pandacan,MANILA,3,2,BARANGAY 897,,,14.587531,121.017468,,,,,,,24,2021-03-26,OSP
MNL004 LP194 NP6-7-8,MNL004,LP194,NP6-7-8,MNL004 LP194,Zamora Pandacan,MANILA,3,2,BARANGAY 897,,,14.587529,121.016997,,,,,,,24,2021-03-26,OSP
MNL004 LP195 NP1-2,MNL004,LP195,NP1-2,MNL004 LP195,Zamora Pandacan,MANILA,3,2,BARANGAY 897,,,14.587522,121.016424,,,,,,,16,2021-03-26,OSP
MNL004 LP195 NP3-4-5,MNL004,LP195,NP3-4-5,MNL004 LP195,Zamora Pandacan,MANILA,3,2,BARANGAY 897,,,14.587543,121.016078,,,,,,,24,2021-03-26,OSP
MNL004 LP66 NP1-2,MNL004,LP66,NP1-2,MNL004 LP66,Zamora Pandacan,MANILA,3,2,BARANGAY 898,,,14.588249,121.012484,,,,,,,16,2019-10-04,OSP
MNL004 LP66 NP3-4,MNL004,LP66,NP3-4,MNL004 LP66,Zamora Pandacan,MANILA,3,2,BARANGAY 898,,,14.587974,121.012196,,,,,,,16,2019-10-04,OSP
MNL004 LP66 NP5-6,MNL004,LP66,NP5-6,MNL004 LP66,Zamora Pandacan,MANILA,3,2,BARANGAY 898,,,14.58746,121.012456,,,,,,,16,2019-10-04,OSP
MNL004 LP65 NP1-2,MNL004,LP65,NP1-2,MNL004 LP65,Zamora Pandacan,MANILA,3,2,BARANGAY 898,,,14.587762,121.013635,,,,,,,16,2019-10-04,OSP
MNL004 LP65 NP3-4,MNL004,LP65,NP3-4,MNL004 LP65,Zamora Pandacan,MANILA,3,2,BARANGAY 898,,,14.588151,121.013396,,,,,,,16,2019-10-04,OSP
MNL004 LP65 NP5-6,MNL004,LP65,NP5-6,MNL004 LP65,Zamora Pandacan,MANILA,3,2,BARANGAY 898,,,14.588613,121.013106,,,,,,,16,2019-10-04,OSP
MNL004 LP65 NP7-8,MNL004,LP65,NP7-8,MNL004 LP65,Zamora Pandacan,MANILA,3,2,BARANGAY 898,,,14.588425,121.012771,,,,,,,16,2019-10-04,OSP
MNL004 LP64 NP1-2,MNL004,LP64,NP1-2,MNL004 LP64,Zamora Pandacan,MANILA,3,2,BARANGAY 898,,,14.587263,121.013952,,,,,,,16,2019-10-04,OSP
MNL004 LP64 NP3-4,MNL004,LP64,NP3-4,MNL004 LP64,Zamora Pandacan,MANILA,3,2,BARANGAY 898,,,14.587369,121.013546,,,,,,,16,2019-10-04,OSP
MNL004 LP64 NP5-6,MNL004,LP64,NP5-6,MNL004 LP64,Zamora Pandacan,MANILA,3,2,BARANGAY 898,,,14.587717,121.013076,,,,,,,16,2019-10-04,OSP
MNL004 LP67 NP1-2,MNL004,LP67,NP1-2,MNL004 LP67,Zamora Pandacan,MANILA,3,2,BARANGAY 898,,,14.586255,121.012,,,,,,,16,2019-10-04,OSP
MNL004 LP66 NP7-8,MNL004,LP66,NP7-8,MNL004 LP66,Zamora Pandacan,MANILA,3,2,BARANGAY 898,,,14.586755,121.012808,,,,,,,16,2019-10-04,OSP
MNL004 LP196 NP5-6,MNL004,LP196,NP5-6,MNL004 LP196,Zamora Pandacan,MANILA,3,2,BARANGAY 898,,,14.587262,121.013953,,,,,,,16,2021-03-26,OSP
MNL004 LP196 NP7-8,MNL004,LP196,NP7-8,MNL004 LP196,Zamora Pandacan,MANILA,3,2,BARANGAY 898,,,14.587829,121.013579,,,,,,,16,2021-03-26,OSP
MNL004 LP197 NP1-2,MNL004,LP197,NP1-2,MNL004 LP197,Zamora Pandacan,MANILA,3,2,BARANGAY 898,,,14.587172,121.013678,,,,,,,16,2021-03-26,OSP
MNL004 LP197 NP3-4-5,MNL004,LP197,NP3-4-5,MNL004 LP197,Zamora Pandacan,MANILA,3,2,BARANGAY 898,,,14.58704,121.013257,,,,,,,24,2021-03-26,OSP
MNL004 LP197 NP6-7-8,MNL004,LP197,NP6-7-8,MNL004 LP197,Zamora Pandacan,MANILA,3,2,BARANGAY 898,,,14.586766,121.012837,,,,,,,24,2021-03-26,OSP
MNL004 LP198 NP1-2,MNL004,LP198,NP1-2,MNL004 LP198,Zamora Pandacan,MANILA,3,2,BARANGAY 898,,,14.587377,121.013553,,,,,,,16,2021-03-26,OSP
MNL004 LP201 NP6-7-8,MNL004,LP201,NP6-7-8,MNL004 LP201,Zamora Pandacan,MANILA,3,2,BARANGAY 898,,,14.588227,121.012663,,,,,,,24,2021-03-26,OSP
MNL004 LP202 NP1-2,MNL004,LP202,NP1-2,MNL004 LP202,Zamora Pandacan,MANILA,3,2,BARANGAY 898,,,14.587539,121.012788,,,,,,,16,2021-03-26,OSP
MNL004 LP202 NP3-4-5,MNL004,LP202,NP3-4-5,MNL004 LP202,Zamora Pandacan,MANILA,3,2,BARANGAY 898,,,14.587588,121.012785,,,,,,,24,2021-03-26,OSP
MNL004 LP202 NP6-7-8,MNL004,LP202,NP6-7-8,MNL004 LP202,Zamora Pandacan,MANILA,3,2,BARANGAY 898,,,14.587811,121.012635,,,,,,,24,2021-03-26,OSP
MNL004 LP203 NP1-2,MNL004,LP203,NP1-2,MNL004 LP203,Zamora Pandacan,MANILA,3,2,BARANGAY 898,,,14.588299,121.013303,,,,,,,16,2021-03-26,OSP
MNL004 LP203 NP3-4,MNL004,LP203,NP3-4,MNL004 LP203,Zamora Pandacan,MANILA,3,2,BARANGAY 898,,,14.588636,121.013126,,,,,,,16,2021-03-26,OSP
MNL004 LP203 NP5-6,MNL004,LP203,NP5-6,MNL004 LP203,Zamora Pandacan,MANILA,3,2,BARANGAY 898,,,14.588451,121.012943,,,,,,,16,2021-03-26,OSP
MNL004 LP203 NP7-8,MNL004,LP203,NP7-8,MNL004 LP203,Zamora Pandacan,MANILA,3,2,BARANGAY 898,,,14.588201,121.012415,,,,,,,16,2021-03-26,OSP
MNL004 LP204 NP1-2,MNL004,LP204,NP1-2,MNL004 LP204,Zamora Pandacan,MANILA,3,2,BARANGAY 898,,,14.587653,121.012351,,,,,,,16,2021-03-26,OSP
MNL004 LP204 NP3-4,MNL004,LP204,NP3-4,MNL004 LP204,Zamora Pandacan,MANILA,3,2,BARANGAY 898,,,14.587372,121.012497,,,,,,,16,2021-03-26,OSP
MNL004 LP204 NP5-6,MNL004,LP204,NP5-6,MNL004 LP204,Zamora Pandacan,MANILA,3,2,BARANGAY 898,,,14.587172,121.012607,,,,,,,16,2021-03-26,OSP
MNL004 LP204 NP7-8,MNL004,LP204,NP7-8,MNL004 LP204,Zamora Pandacan,MANILA,3,2,BARANGAY 898,,,14.586674,121.012707,,,,,,,16,2021-03-26,OSP
MNL004 LP205 NP1-2,MNL004,LP205,NP1-2,MNL004 LP205,Zamora Pandacan,MANILA,3,2,BARANGAY 898,,,14.586616,121.012621,,,,,,,16,2021-03-26,OSP
MNL004 LP205 NP3-4,MNL004,LP205,NP3-4,MNL004 LP205,Zamora Pandacan,MANILA,3,2,BARANGAY 898,,,14.586234,121.012001,,,,,,,16,2021-03-26,OSP
MNL004 LP198 NP3-4-5,MNL004,LP198,NP3-4-5,MNL004 LP198,Zamora Pandacan,MANILA,3,2,BARANGAY 898,,,14.587226,121.013302,,,,,,,24,2021-03-26,OSP
MNL004 LP198 NP6-7-8,MNL004,LP198,NP6-7-8,MNL004 LP198,Zamora Pandacan,MANILA,3,2,BARANGAY 898,,,14.587112,121.013109,,,,,,,24,2021-03-26,OSP
MNL004 LP199 NP1-2,MNL004,LP199,NP1-2,MNL004 LP199,Zamora Pandacan,MANILA,3,2,BARANGAY 898,,,14.587648,121.013381,,,,,,,16,2021-03-26,OSP
MNL004 LP199 NP3-4-5,MNL004,LP199,NP3-4-5,MNL004 LP199,Zamora Pandacan,MANILA,3,2,BARANGAY 898,,,14.587452,121.013163,,,,,,,24,2021-03-26,OSP
MNL004 LP199 NP6-7-8,MNL004,LP199,NP6-7-8,MNL004 LP199,Zamora Pandacan,MANILA,3,2,BARANGAY 898,,,14.587303,121.01293,,,,,,,24,2021-03-26,OSP
MNL004 LP200 NP1-2,MNL004,LP200,NP1-2,MNL004 LP200,Zamora Pandacan,MANILA,3,2,BARANGAY 898,,,14.587871,121.013249,,,,,,,16,2021-03-26,OSP
MNL004 LP200 NP3-4-5,MNL004,LP200,NP3-4-5,MNL004 LP200,Zamora Pandacan,MANILA,3,2,BARANGAY 898,,,14.587978,121.013191,,,,,,,24,2021-03-26,OSP
MNL004 LP200 NP6-7-8,MNL004,LP200,NP6-7-8,MNL004 LP200,Zamora Pandacan,MANILA,3,2,BARANGAY 898,,,14.588141,121.0131,,,,,,,24,2021-03-26,OSP
MNL004 LP201 NP1-2,MNL004,LP201,NP1-2,MNL004 LP201,Zamora Pandacan,MANILA,3,2,BARANGAY 898,,,14.58774,121.013101,,,,,,,16,2021-03-26,OSP
MNL004 LP201 NP3-4-5,MNL004,LP201,NP3-4-5,MNL004 LP201,Zamora Pandacan,MANILA,3,2,BARANGAY 898,,,14.587982,121.012831,,,,,,,24,2021-03-26,OSP
MNL004 LP68 NP1-2,MNL004,LP68,NP1-2,MNL004 LP68,Zamora Pandacan,MANILA,3,2,BARANGAY 899,,,14.585838,121.011293,,,,,,,16,2019-10-04,OSP
MNL004 LP67 NP7-8,MNL004,LP67,NP7-8,MNL004 LP67,Zamora Pandacan,MANILA,3,2,BARANGAY 899,,,14.587007,121.01115,,,,,,,16,2019-10-04,OSP
MNL004 LP67 NP3-4,MNL004,LP67,NP3-4,MNL004 LP67,Zamora Pandacan,MANILA,3,2,BARANGAY 899,,,14.585984,121.011722,,,,,,,16,2019-10-04,OSP
MNL004 LP67 NP5-6,MNL004,LP67,NP5-6,MNL004 LP67,Zamora Pandacan,MANILA,3,2,BARANGAY 899,,,14.586497,121.011291,,,,,,,16,2019-10-04,OSP
MNL004 LP215 NP1-2,MNL004,LP215,NP1-2,MNL004 LP215,Zamora Pandacan,MANILA,3,2,BARANGAY 899,,,14.586993,121.010892,,,,,,,16,2021-03-26,OSP
MNL004 LP215 NP3-4,MNL004,LP215,NP3-4,MNL004 LP215,Zamora Pandacan,MANILA,3,2,BARANGAY 899,,,14.586559,121.01105,,,,,,,16,2021-03-26,OSP
MNL004 LP206 NP3-4,MNL004,LP206,NP3-4,MNL004 LP206,Zamora Pandacan,MANILA,3,2,BARANGAY 899,,,14.587561,121.011197,,,,,,,16,2021-03-26,OSP
MNL004 LP206 NP5-6,MNL004,LP206,NP5-6,MNL004 LP206,Zamora Pandacan,MANILA,3,2,BARANGAY 899,,,14.587479,121.010984,,,,,,,16,2021-03-26,OSP
MNL004 LP206 NP7-8,MNL004,LP206,NP7-8,MNL004 LP206,Zamora Pandacan,MANILA,3,2,BARANGAY 899,,,14.587405,121.010744,,,,,,,16,2021-03-26,OSP
MNL004 LP207 NP1-2,MNL004,LP207,NP1-2,MNL004 LP207,Zamora Pandacan,MANILA,3,2,BARANGAY 899,,,14.587081,121.011132,,,,,,,16,2021-03-26,OSP
MNL004 LP207 NP3-4,MNL004,LP207,NP3-4,MNL004 LP207,Zamora Pandacan,MANILA,3,2,BARANGAY 899,,,14.586777,121.011171,,,,,,,16,2021-03-26,OSP
MNL004 LP207 NP5-6,MNL004,LP207,NP5-6,MNL004 LP207,Zamora Pandacan,MANILA,3,2,BARANGAY 899,,,14.586487,121.011299,,,,,,,16,2021-03-26,OSP
MNL004 LP207 NP7-8,MNL004,LP207,NP7-8,MNL004 LP207,Zamora Pandacan,MANILA,3,2,BARANGAY 899,,,14.585966,121.011704,,,,,,,16,2021-03-26,OSP
MNL004 LP208 NP3-4,MNL004,LP208,NP3-4,MNL004 LP208,Zamora Pandacan,MANILA,3,2,BARANGAY 899,,,14.58563,121.011414,,,,,,,16,2021-03-26,OSP
MNL004 LP205 NP5-6,MNL004,LP205,NP5-6,MNL004 LP205,Zamora Pandacan,MANILA,3,2,BARANGAY 899,,,14.586309,121.011653,,,,,,,16,2021-03-26,OSP
MNL004 LP205 NP7-8,MNL004,LP205,NP7-8,MNL004 LP205,Zamora Pandacan,MANILA,3,2,BARANGAY 899,,,14.586694,121.011531,,,,,,,16,2021-03-26,OSP
MNL004 LP206 NP1-2,MNL004,LP206,NP1-2,MNL004 LP206,Zamora Pandacan,MANILA,3,2,BARANGAY 899,,,14.587223,121.011279,,,,,,,16,2021-03-26,OSP
MNL004 LP75 NP1-2,MNL004,LP75,NP1-2,MNL004 LP75,Zamora Pandacan,MANILA,3,2,BARANGAY 900,,,14.584809,121.011367,,,,,,,16,2019-10-04,OSP
MNL004 LP75 NP3-4,MNL004,LP75,NP3-4,MNL004 LP75,Zamora Pandacan,MANILA,3,2,BARANGAY 900,,,14.584854,121.011624,,,,,,,16,2019-10-04,OSP
MNL004 LP75 NP5-6,MNL004,LP75,NP5-6,MNL004 LP75,Zamora Pandacan,MANILA,3,2,BARANGAY 900,,,14.584765,121.011942,,,,,,,16,2019-10-04,OSP
MNL004 LP75 NP7-8,MNL004,LP75,NP7-8,MNL004 LP75,Zamora Pandacan,MANILA,3,2,BARANGAY 900,,,14.585274,121.012049,,,,,,,16,2019-10-04,OSP
MNL004 LP74 NP1-2,MNL004,LP74,NP1-2,MNL004 LP74,Zamora Pandacan,MANILA,3,2,BARANGAY 900,,,14.584765,121.010866,,,,,,,16,2019-10-04,OSP
MNL004 LP74 NP3-4,MNL004,LP74,NP3-4,MNL004 LP74,Zamora Pandacan,MANILA,3,2,BARANGAY 900,,,14.584457,121.010987,,,,,,,16,2019-10-04,OSP
MNL004 LP74 NP5-6,MNL004,LP74,NP5-6,MNL004 LP74,Zamora Pandacan,MANILA,3,2,BARANGAY 900,,,14.584179,121.011089,,,,,,,16,2019-10-04,OSP
MNL004 LP74 NP7-8,MNL004,LP74,NP7-8,MNL004 LP74,Zamora Pandacan,MANILA,3,2,BARANGAY 900,,,14.583628,121.011243,,,,,,,16,2019-10-04,OSP
MNL004 LP211 NP1-2,MNL004,LP211,NP1-2,MNL004 LP211,Zamora Pandacan,MANILA,3,2,BARANGAY 900,,,14.584752,121.011913,,,,,,,16,2021-03-26,OSP
MNL004 LP211 NP3-4-5,MNL004,LP211,NP3-4-5,MNL004 LP211,Zamora Pandacan,MANILA,3,2,BARANGAY 900,,,14.584716,121.012157,,,,,,,24,2021-03-26,OSP
MNL004 LP211 NP6-7-8,MNL004,LP211,NP6-7-8,MNL004 LP211,Zamora Pandacan,MANILA,3,2,BARANGAY 900,,,14.58461,121.012409,,,,,,,24,2021-03-26,OSP
MNL004 LP212 NP1-2,MNL004,LP212,NP1-2,MNL004 LP212,Zamora Pandacan,MANILA,3,2,BARANGAY 900,,,14.584752,121.011913,,,,,,,16,2021-03-26,OSP
MNL004 LP212 NP3-4-5,MNL004,LP212,NP3-4-5,MNL004 LP212,Zamora Pandacan,MANILA,3,2,BARANGAY 900,,,14.584716,121.012157,,,,,,,24,2021-03-26,OSP
MNL004 LP212 NP6-7-8,MNL004,LP212,NP6-7-8,MNL004 LP212,Zamora Pandacan,MANILA,3,2,BARANGAY 900,,,14.58461,121.012409,,,,,,,24,2021-03-26,OSP
MNL004 LP213 NP1-2,MNL004,LP213,NP1-2,MNL004 LP213,Zamora Pandacan,MANILA,3,2,BARANGAY 900,,,14.584778,121.010868,,,,,,,16,2021-03-26,OSP
MNL004 LP213 NP3-4-5,MNL004,LP213,NP3-4-5,MNL004 LP213,Zamora Pandacan,MANILA,3,2,BARANGAY 900,,,14.584406,121.011007,,,,,,,24,2021-03-26,OSP
MNL004 LP213 NP6-7-8,MNL004,LP213,NP6-7-8,MNL004 LP213,Zamora Pandacan,MANILA,3,2,BARANGAY 900,,,14.584041,121.010866,,,,,,,24,2021-03-26,OSP
MNL004 LP214 NP1-2,MNL004,LP214,NP1-2,MNL004 LP214,Zamora Pandacan,MANILA,3,2,BARANGAY 900,,,14.584037,121.011157,,,,,,,16,2021-03-26,OSP
MNL004 LP214 NP3-4-5,MNL004,LP214,NP3-4-5,MNL004 LP214,Zamora Pandacan,MANILA,3,2,BARANGAY 900,,,14.5837,121.011242,,,,,,,24,2021-03-26,OSP
MNL004 LP214 NP6-7-8,MNL004,LP214,NP6-7-8,MNL004 LP214,Zamora Pandacan,MANILA,3,2,BARANGAY 900,,,14.583525,121.011263,,,,,,,24,2021-03-26,OSP
MNL004 LP73 NP3-4,MNL004,LP73,NP3-4,MNL004 LP73,Zamora Pandacan,MANILA,3,2,BARANGAY 901,,,14.585505,121.011091,,,,,,,16,2019-10-04,OSP
MNL004 LP215 NP5-6,MNL004,LP215,NP5-6,MNL004 LP215,Zamora Pandacan,MANILA,3,2,BARANGAY 901,,,14.586168,121.011138,,,,,,,16,2021-03-26,OSP
MNL004 LP215 NP7-8,MNL004,LP215,NP7-8,MNL004 LP215,Zamora Pandacan,MANILA,3,2,BARANGAY 901,,,14.585751,121.011031,,,,,,,16,2021-03-26,OSP
MNL004 LP208 NP5-6,MNL004,LP208,NP5-6,MNL004 LP208,Zamora Pandacan,MANILA,3,2,BARANGAY 901,,,14.585568,121.011225,,,,,,,16,2021-03-26,OSP
MNL004 LP72 NP1-2,MNL004,LP72,NP1-2,MNL004 LP72,Zamora Pandacan,MANILA,3,2,BARANGAY 903,,,14.587235,121.00935,,,,,,,16,2019-10-04,OSP
MNL004 LP72 NP3-4,MNL004,LP72,NP3-4,MNL004 LP72,Zamora Pandacan,MANILA,3,2,BARANGAY 903,,,14.587313,121.009554,,,,,,,16,2019-10-04,OSP
MNL004 LP71 NP7-8,MNL004,LP71,NP7-8,MNL004 LP71,Zamora Pandacan,MANILA,3,2,BARANGAY 903,,,14.587159,121.009149,,,,,,,16,2019-10-04,OSP
MNL004 LP70 NP1-2,MNL004,LP70,NP1-2,MNL004 LP70,Zamora Pandacan,MANILA,3,2,BARANGAY 903,,,14.586318,121.009459,,,,,,,16,2019-10-04,OSP
MNL004 LP69 NP7-8,MNL004,LP69,NP7-8,MNL004 LP69,Zamora Pandacan,MANILA,3,2,BARANGAY 903,,,14.586388,121.009662,,,,,,,16,2019-10-04,OSP
MNL004 LP69 NP1-2,MNL004,LP69,NP1-2,MNL004 LP69,Zamora Pandacan,MANILA,3,2,BARANGAY 903,,,14.586027,121.010307,,,,,,,16,2019-10-04,OSP
MNL004 LP69 NP3-4,MNL004,LP69,NP3-4,MNL004 LP69,Zamora Pandacan,MANILA,3,2,BARANGAY 903,,,14.586451,121.010142,,,,,,,16,2019-10-04,OSP
MNL004 LP69 NP5-6,MNL004,LP69,NP5-6,MNL004 LP69,Zamora Pandacan,MANILA,3,2,BARANGAY 903,,,14.586454,121.009879,,,,,,,16,2019-10-04,OSP
MNL004 LP68 NP7-8,MNL004,LP68,NP7-8,MNL004 LP68,Zamora Pandacan,MANILA,3,2,BARANGAY 903,,,14.585648,121.009677,,,,,,,16,2019-10-04,OSP
MNL004 LP68 NP5-6,MNL004,LP68,NP5-6,MNL004 LP68,Zamora Pandacan,MANILA,3,2,BARANGAY 903,,,14.585418,121.010021,,,,,,,16,2019-10-04,OSP
MNL004 LP220 NP1-2,MNL004,LP220,NP1-2,MNL004 LP220,Zamora Pandacan,MANILA,3,2,BARANGAY 903,,,14.586552,121.009394,,,,,,,16,2021-03-26,OSP
MNL004 LP220 NP3-4,MNL004,LP220,NP3-4,MNL004 LP220,Zamora Pandacan,MANILA,3,2,BARANGAY 903,,,14.58633,121.009483,,,,,,,16,2021-03-26,OSP
MNL004 LP220 NP5-6,MNL004,LP220,NP5-6,MNL004 LP220,Zamora Pandacan,MANILA,3,2,BARANGAY 903,,,14.586049,121.009596,,,,,,,16,2021-03-26,OSP
MNL004 LP220 NP7-8,MNL004,LP220,NP7-8,MNL004 LP220,Zamora Pandacan,MANILA,3,2,BARANGAY 903,,,14.585633,121.00972,,,,,,,16,2021-03-26,OSP
MNL004 LP216 NP3-4,MNL004,LP216,NP3-4,MNL004 LP216,Zamora Pandacan,MANILA,3,2,BARANGAY 903,,,14.585628,121.010461,,,,,,,16,2021-03-26,OSP
MNL004 LP216 NP5-6,MNL004,LP216,NP5-6,MNL004 LP216,Zamora Pandacan,MANILA,3,2,BARANGAY 903,,,14.586019,121.010306,,,,,,,16,2021-03-26,OSP
MNL004 LP216 NP7-8,MNL004,LP216,NP7-8,MNL004 LP216,Zamora Pandacan,MANILA,3,2,BARANGAY 903,,,14.586268,121.010195,,,,,,,16,2021-03-26,OSP
MNL004 LP217 NP1-2,MNL004,LP217,NP1-2,MNL004 LP217,Zamora Pandacan,MANILA,3,2,BARANGAY 903,,,14.586527,121.010101,,,,,,,16,2021-03-26,OSP
MNL004 LP217 NP3-4-5,MNL004,LP217,NP3-4-5,MNL004 LP217,Zamora Pandacan,MANILA,3,2,BARANGAY 903,,,14.586759,121.010017,,,,,,,24,2021-03-26,OSP
MNL004 LP217 NP6-7-8,MNL004,LP217,NP6-7-8,MNL004 LP217,Zamora Pandacan,MANILA,3,2,BARANGAY 903,,,14.586968,121.009943,,,,,,,24,2021-03-26,OSP
MNL004 LP218 NP1-2,MNL004,LP218,NP1-2,MNL004 LP218,Zamora Pandacan,MANILA,3,2,BARANGAY 903,,,14.585424,121.010013,,,,,,,16,2021-03-26,OSP
MNL004 LP218 NP3-4-5,MNL004,LP218,NP3-4-5,MNL004 LP218,Zamora Pandacan,MANILA,3,2,BARANGAY 903,,,14.585762,121.009921,,,,,,,24,2021-03-26,OSP
MNL004 LP218 NP6-7-8,MNL004,LP218,NP6-7-8,MNL004 LP218,Zamora Pandacan,MANILA,3,2,BARANGAY 903,,,14.586395,121.009686,,,,,,,24,2021-03-26,OSP
MNL004 LP219 NP1-2,MNL004,LP219,NP1-2,MNL004 LP219,Zamora Pandacan,MANILA,3,2,BARANGAY 903,,,14.586712,121.009561,,,,,,,16,2021-03-26,OSP
MNL004 LP219 NP3-4-5,MNL004,LP219,NP3-4-5,MNL004 LP219,Zamora Pandacan,MANILA,3,2,BARANGAY 903,,,14.587227,121.009355,,,,,,,24,2021-03-26,OSP
MNL004 LP219 NP6-7-8,MNL004,LP219,NP6-7-8,MNL004 LP219,Zamora Pandacan,MANILA,3,2,BARANGAY 903,,,14.587162,121.009164,,,,,,,24,2021-03-26,OSP
MNL004 LP76 NP1-2,MNL004,LP76,NP1-2,MNL004 LP76,Zamora Pandacan,MANILA,3,2,BARANGAY 904,,,14.585616,121.012048,,,,,,,16,2019-10-04,OSP
MNL004 LP68 NP3-4,MNL004,LP68,NP3-4,MNL004 LP68,Zamora Pandacan,MANILA,3,2,BARANGAY 904,,,14.585585,121.010512,,,,,,,16,2019-10-04,OSP
MNL004 LP73 NP1-2,MNL004,LP73,NP1-2,MNL004 LP73,Zamora Pandacan,MANILA,3,2,BARANGAY 904,,,14.585296,121.010516,,,,,,,16,2019-10-04,OSP
MNL004 LP73 NP5-6,MNL004,LP73,NP5-6,MNL004 LP73,Zamora Pandacan,MANILA,3,2,BARANGAY 904,,,14.585166,121.010767,,,,,,,16,2019-10-04,OSP
MNL004 LP73 NP7-8,MNL004,LP73,NP7-8,MNL004 LP73,Zamora Pandacan,MANILA,3,2,BARANGAY 904,,,14.585427,121.011702,,,,,,,16,2019-10-04,OSP
MNL004 LP216 NP1-2,MNL004,LP216,NP1-2,MNL004 LP216,Zamora Pandacan,MANILA,3,2,BARANGAY 904,,,14.585589,121.010581,,,,,,,16,2021-03-26,OSP
MNL004 LP210 NP1-2,MNL004,LP210,NP1-2,MNL004 LP210,Zamora Pandacan,MANILA,3,2,BARANGAY 904,,,14.585819,121.011864,,,,,,,16,2021-03-26,OSP
MNL004 LP210 NP3-4-5,MNL004,LP210,NP3-4-5,MNL004 LP210,Zamora Pandacan,MANILA,3,2,BARANGAY 904,,,14.585647,121.012018,,,,,,,24,2021-03-26,OSP
MNL004 LP210 NP6-7-8,MNL004,LP210,NP6-7-8,MNL004 LP210,Zamora Pandacan,MANILA,3,2,BARANGAY 904,,,14.585482,121.012163,,,,,,,24,2021-03-26,OSP
MNL004 LP208 NP1-2,MNL004,LP208,NP1-2,MNL004 LP208,Zamora Pandacan,MANILA,3,2,BARANGAY 904,,,14.585764,121.011757,,,,,,,16,2021-03-26,OSP
MNL004 LP208 NP7-8,MNL004,LP208,NP7-8,MNL004 LP208,Zamora Pandacan,MANILA,3,2,BARANGAY 904,,,14.585442,121.010853,,,,,,,16,2021-03-26,OSP
MNL004 LP209 NP1-2,MNL004,LP209,NP1-2,MNL004 LP209,Zamora Pandacan,MANILA,3,2,BARANGAY 904,,,14.585287,121.010503,,,,,,,16,2021-03-26,OSP
MNL004 LP209 NP3-4,MNL004,LP209,NP3-4,MNL004 LP209,Zamora Pandacan,MANILA,3,2,BARANGAY 904,,,14.585154,121.010784,,,,,,,16,2021-03-26,OSP
MNL004 LP209 NP5-6,MNL004,LP209,NP5-6,MNL004 LP209,Zamora Pandacan,MANILA,3,2,BARANGAY 904,,,14.585327,121.011397,,,,,,,16,2021-03-26,OSP
MNL004 LP209 NP7-8,MNL004,LP209,NP7-8,MNL004 LP209,Zamora Pandacan,MANILA,3,2,BARANGAY 904,,,14.585499,121.011902,,,,,,,16,2021-03-26,OSP
MNL004 LP80 NP1-2,MNL004,LP80,NP1-2,MNL004 LP80,Zamora Pandacan,MANILA,3,2,BARANGAY 905,,,14.585087,121.007787,,,,,,,16,2019-10-04,OSP
MNL004 LP80 NP3-4,MNL004,LP80,NP3-4,MNL004 LP80,Zamora Pandacan,MANILA,3,2,BARANGAY 905,,,14.58574,121.007688,,,,,,,16,2019-10-04,OSP
MNL004 LP78 NP1-2,MNL004,LP78,NP1-2,MNL004 LP78,Zamora Pandacan,MANILA,3,2,BARANGAY 905,,,14.585285,121.008158,,,,,,,16,2019-10-04,OSP
MNL004 LP78 NP3-4,MNL004,LP78,NP3-4,MNL004 LP78,Zamora Pandacan,MANILA,3,2,BARANGAY 905,,,14.585856,121.008083,,,,,,,16,2019-10-04,OSP
MNL004 LP78 NP5-6,MNL004,LP78,NP5-6,MNL004 LP78,Zamora Pandacan,MANILA,3,2,BARANGAY 905,,,14.586178,121.008032,,,,,,,16,2019-10-04,OSP
MNL004 LP79 NP1-2,MNL004,LP79,NP1-2,MNL004 LP79,Zamora Pandacan,MANILA,3,2,BARANGAY 905,,,14.585178,121.007965,,,,,,,16,2019-10-04,OSP
MNL004 LP79 NP3-4,MNL004,LP79,NP3-4,MNL004 LP79,Zamora Pandacan,MANILA,3,2,BARANGAY 905,,,14.585847,121.007895,,,,,,,16,2019-10-04,OSP
MNL004 LP79 NP5-6,MNL004,LP79,NP5-6,MNL004 LP79,Zamora Pandacan,MANILA,3,2,BARANGAY 905,,,14.586212,121.007855,,,,,,,16,2019-10-04,OSP
MNL004 LP71 NP5-6,MNL004,LP71,NP5-6,MNL004 LP71,Zamora Pandacan,MANILA,3,2,BARANGAY 905,,,14.587083,121.008914,,,,,,,16,2019-10-04,OSP
MNL004 LP77 NP1-2,MNL004,LP77,NP1-2,MNL004 LP77,Zamora Pandacan,MANILA,3,2,BARANGAY 905,,,14.585801,121.009172,,,,,,,16,2019-10-04,OSP
MNL004 LP77 NP3-4,MNL004,LP77,NP3-4,MNL004 LP77,Zamora Pandacan,MANILA,3,2,BARANGAY 905,,,14.585665,121.008898,,,,,,,16,2019-10-04,OSP
MNL004 LP77 NP5-6,MNL004,LP77,NP5-6,MNL004 LP77,Zamora Pandacan,MANILA,3,2,BARANGAY 905,,,14.585378,121.008342,,,,,,,16,2019-10-04,OSP
MNL004 LP77 NP7-8,MNL004,LP77,NP7-8,MNL004 LP77,Zamora Pandacan,MANILA,3,2,BARANGAY 905,,,14.585836,121.008269,,,,,,,16,2019-10-04,OSP
MNL004 LP71 NP1-2,MNL004,LP71,NP1-2,MNL004 LP71,Zamora Pandacan,MANILA,3,2,BARANGAY 905,,,14.586921,121.008519,,,,,,,16,2019-10-04,OSP
MNL004 LP71 NP3-4,MNL004,LP71,NP3-4,MNL004 LP71,Zamora Pandacan,MANILA,3,2,BARANGAY 905,,,14.587017,121.008721,,,,,,,16,2019-10-04,OSP
MNL004 LP70 NP5-6,MNL004,LP70,NP5-6,MNL004 LP70,Zamora Pandacan,MANILA,3,2,BARANGAY 905,,,14.586174,121.009033,,,,,,,16,2019-10-04,OSP
MNL004 LP70 NP7-8,MNL004,LP70,NP7-8,MNL004 LP70,Zamora Pandacan,MANILA,3,2,BARANGAY 905,,,14.586103,121.008823,,,,,,,16,2019-10-04,OSP
MNL004 LP70 NP3-4,MNL004,LP70,NP3-4,MNL004 LP70,Zamora Pandacan,MANILA,3,2,BARANGAY 905,,,14.586248,121.009254,,,,,,,16,2019-10-04,OSP
MNL004 LP221 NP1-2,MNL004,LP221,NP1-2,MNL004 LP221,Zamora Pandacan,MANILA,3,2,BARANGAY 905,,,14.585979,121.009371,,,,,,,16,2021-03-26,OSP
MNL004 LP221 NP3-4-5,MNL004,LP221,NP3-4-5,MNL004 LP221,Zamora Pandacan,MANILA,3,2,BARANGAY 905,,,14.58656,121.009142,,,,,,,24,2021-03-26,OSP
MNL004 LP221 NP6-7-8,MNL004,LP221,NP6-7-8,MNL004 LP221,Zamora Pandacan,MANILA,3,2,BARANGAY 905,,,14.586813,121.009052,,,,,,,24,2021-03-26,OSP
MNL004 LP222 NP1-2,MNL004,LP222,NP1-2,MNL004 LP222,Zamora Pandacan,MANILA,3,2,BARANGAY 905,,,14.586951,121.008551,,,,,,,16,2021-03-26,OSP
MNL004 LP222 NP3-4-5,MNL004,LP222,NP3-4-5,MNL004 LP222,Zamora Pandacan,MANILA,3,2,BARANGAY 905,,,14.586679,121.008679,,,,,,,24,2021-03-26,OSP
MNL004 LP222 NP6-7-8,MNL004,LP222,NP6-7-8,MNL004 LP222,Zamora Pandacan,MANILA,3,2,BARANGAY 905,,,14.586332,121.008746,,,,,,,24,2021-03-26,OSP
MNL004 LP223 NP1-2,MNL004,LP223,NP1-2,MNL004 LP223,Zamora Pandacan,MANILA,3,2,BARANGAY 905,,,14.586659,121.008883,,,,,,,16,2021-03-26,OSP
MNL004 LP223 NP3-4-5,MNL004,LP223,NP3-4-5,MNL004 LP223,Zamora Pandacan,MANILA,3,2,BARANGAY 905,,,14.586481,121.008937,,,,,,,24,2021-03-26,OSP
MNL004 LP223 NP6-7-8,MNL004,LP223,NP6-7-8,MNL004 LP223,Zamora Pandacan,MANILA,3,2,BARANGAY 905,,,14.586177,121.009055,,,,,,,24,2021-03-26,OSP
MNL004 LP224 NP1-2,MNL004,LP224,NP1-2,MNL004 LP224,Zamora Pandacan,MANILA,3,2,BARANGAY 905,,,14.586121,121.008806,,,,,,,16,2021-03-26,OSP
MNL004 LP224 NP3-4-5,MNL004,LP224,NP3-4-5,MNL004 LP224,Zamora Pandacan,MANILA,3,2,BARANGAY 905,,,14.585641,121.008816,,,,,,,24,2021-03-26,OSP
MNL004 LP224 NP6-7-8,MNL004,LP224,NP6-7-8,MNL004 LP224,Zamora Pandacan,MANILA,3,2,BARANGAY 905,,,14.58549,121.008542,,,,,,,24,2021-03-26,OSP
MNL004 LP225 NP1-2,MNL004,LP225,NP1-2,MNL004 LP225,Zamora Pandacan,MANILA,3,2,BARANGAY 905,,,14.585401,121.008354,,,,,,,16,2021-03-26,OSP
MNL004 LP225 NP3-4-5,MNL004,LP225,NP3-4-5,MNL004 LP225,Zamora Pandacan,MANILA,3,2,BARANGAY 905,,,14.585644,121.008299,,,,,,,24,2021-03-26,OSP
MNL004 LP225 NP6-7-8,MNL004,LP225,NP6-7-8,MNL004 LP225,Zamora Pandacan,MANILA,3,2,BARANGAY 905,,,14.585907,121.008263,,,,,,,24,2021-03-26,OSP
MNL004 LP226 NP1-2,MNL004,LP226,NP1-2,MNL004 LP226,Zamora Pandacan,MANILA,3,2,BARANGAY 905,,,14.585292,121.00817,,,,,,,16,2021-03-26,OSP
MNL004 LP226 NP3-4-5,MNL004,LP226,NP3-4-5,MNL004 LP226,Zamora Pandacan,MANILA,3,2,BARANGAY 905,,,14.585613,121.008133,,,,,,,24,2021-03-26,OSP
MNL004 LP226 NP6-7-8,MNL004,LP226,NP6-7-8,MNL004 LP226,Zamora Pandacan,MANILA,3,2,BARANGAY 905,,,14.585791,121.008113,,,,,,,24,2021-03-26,OSP
MNL004 LP227 NP1-2,MNL004,LP227,NP1-2,MNL004 LP227,Zamora Pandacan,MANILA,3,2,BARANGAY 905,,,14.585978,121.008079,,,,,,,16,2021-03-26,OSP
MNL004 LP227 NP3-4-5,MNL004,LP227,NP3-4-5,MNL004 LP227,Zamora Pandacan,MANILA,3,2,BARANGAY 905,,,14.586102,121.008059,,,,,,,24,2021-03-26,OSP
MNL004 LP227 NP6-7-8,MNL004,LP227,NP6-7-8,MNL004 LP227,Zamora Pandacan,MANILA,3,2,BARANGAY 905,,,14.586206,121.008051,,,,,,,24,2021-03-26,OSP
MNL004 LP228 NP1-2,MNL004,LP228,NP1-2,MNL004 LP228,Zamora Pandacan,MANILA,3,2,BARANGAY 905,,,14.585318,121.007952,,,,,,,16,2021-03-26,OSP
MNL004 LP228 NP3-4-5,MNL004,LP228,NP3-4-5,MNL004 LP228,Zamora Pandacan,MANILA,3,2,BARANGAY 905,,,14.585458,121.007939,,,,,,,24,2021-03-26,OSP
MNL004 LP228 NP6-7-8,MNL004,LP228,NP6-7-8,MNL004 LP228,Zamora Pandacan,MANILA,3,2,BARANGAY 905,,,14.585632,121.00791,,,,,,,24,2021-03-26,OSP
MNL004 LP229 NP1-2,MNL004,LP229,NP1-2,MNL004 LP229,Zamora Pandacan,MANILA,3,2,BARANGAY 905,,,14.585814,121.007894,,,,,,,16,2021-03-26,OSP
MNL004 LP229 NP3-4-5,MNL004,LP229,NP3-4-5,MNL004 LP229,Zamora Pandacan,MANILA,3,2,BARANGAY 905,,,14.586083,121.007863,,,,,,,24,2021-03-26,OSP
MNL004 LP229 NP6-7-8,MNL004,LP229,NP6-7-8,MNL004 LP229,Zamora Pandacan,MANILA,3,2,BARANGAY 905,,,14.586264,121.007839,,,,,,,24,2021-03-26,OSP
MNL004 LP230 NP1-2,MNL004,LP230,NP1-2,MNL004 LP230,Zamora Pandacan,MANILA,3,2,BARANGAY 905,,,14.585105,121.007834,,,,,,,16,2021-03-26,OSP
MNL004 LP230 NP3-4-5,MNL004,LP230,NP3-4-5,MNL004 LP230,Zamora Pandacan,MANILA,3,2,BARANGAY 905,,,14.585519,121.007724,,,,,,,24,2021-03-26,OSP
MNL004 LP230 NP6-7-8,MNL004,LP230,NP6-7-8,MNL004 LP230,Zamora Pandacan,MANILA,3,2,BARANGAY 905,,,14.585718,121.007715,,,,,,,24,2021-03-26,OSP